Provider Name,External ID,External ID Type,File Name,File Key,File Category,File Type,File Description,X1,X2,X3,X4,X5,X6,X7,X8,X9,X10
Dr. Sarah Johnson,PRV001,NPI,Medical License Georgia,12345678-1234-1234-1234-123456789012,Credentials,Medical License,Georgia medical license - active through 2025,File1,License,GA,2025,Active,Primary,Medical,State,Verified,Complete
Dr. Sarah Johnson,PRV002,InternalID,DEA Certificate,23456789-2345-2345-2345-234567890123,Licenses,DEA License,DEA registration certificate for controlled substances,File2,DEA,Federal,2024,Active,Primary,Controlled,Federal,Verified,Complete
Dr. Sarah Johnson,PRV003,ProviderID,Board Certification Cardiology,34567890-3456-3456-3456-345678901234,Certifications,Board Certification,American Board of Internal Medicine - Cardiology subspecialty,File3,Board,Cardiology,2023,Active,Specialty,Medical,Board,Verified,Complete
Dr. Sarah Johnson,PRV004,NPI,Medical School Diploma,45678901-4567-4567-4567-456789012345,Education,Degree,Doctor of Medicine degree from Emory University School of Medicine,File4,Degree,MD,Emory,2015,Graduate,Medical,Education,Verified,Complete
Dr. Sarah Johnson,PRV005,EmrID,Residency Certificate,56789012-5678-5678-5678-567890123456,Training,Residency,Internal Medicine residency completion certificate,File5,Residency,Internal,2018,Completed,Graduate,Medical,Training,Verified,Complete
Dr. Sarah Johnson,PRV006,BillingSystemID,Malpractice Insurance Policy,67890123-6789-6789-6789-678901234567,Insurance,Malpractice Insurance,Professional liability insurance policy - $1M/$3M coverage,File6,Insurance,Malpractice,2024,Active,Professional,Liability,Coverage,Verified,Complete
Dr. Sarah Johnson,PRV007,NPI,Professional Reference Letter,78901234-7890-7890-7890-789012345678,References,Professional Reference,Reference letter from Dr. Michael Chen - former department head,File7,Reference,Professional,Chen,Letter,Department,Head,Character,Verified,Complete
Dr. Sarah Johnson,PRV008,InternalID,Hospital Privileges Agreement,89012345-8901-8901-8901-890123456789,Legal Documents,Contract,Hospital privileges and credentialing agreement for St. Mary's,File8,Contract,Privileges,StMarys,Hospital,Legal,Agreement,Credentialing,Verified,Complete
Dr. Sarah Johnson,PRV009,ProviderID,CME Transcript,90123456-9012-9012-9012-901234567890,Certifications,Continuing Education,Continuing Medical Education transcript - 50 hours completed 2024,File9,CME,Education,2024,50Hours,Continuing,Medical,Transcript,Verified,Complete
Dr. Sarah Johnson,PRV010,NPI,Fellowship Certificate,01234567-0123-0123-0123-012345678901,Training,Fellowship,Cardiology fellowship certificate from Emory University,File10,Fellowship,Cardiology,Emory,2019,Completed,Specialty,Advanced,Training,Verified,Complete
Dr. Sarah Johnson,PRV011,EmrID,Patient Care Documentation,11234567-1123-1123-1123-112345678901,Medical Records,Clinical Notes,Quality assurance documentation for patient care standards,File11,QA,Patient,Care,Standards,Quality,Clinical,Documentation,Verified,Complete
Dr. Sarah Johnson,PRV012,BillingSystemID,Credentialing Application,21234567-2123-2123-2123-212345678901,Administrative,Forms,Initial hospital credentialing application and supporting documents,File12,Application,Credentialing,Hospital,Initial,Support,Documents,Administrative,Verified,Complete
Dr. Sarah Johnson,LONGNAME123,NPI,This is a file name that is way too long and exceeds the 250 character limit for file names and should trigger a validation error because it contains way too many characters and will not fit properly in the database field which has a maximum length constraint,INVALID-GUID-FORMAT-NOT-PROPER,Credentials,Medical License,This is a very long file description that goes on and on and contains way too much information and exceeds the character limit of 10000 characters by including excessive detail about every aspect of the file including its creation date processing history approval workflow security classifications access permissions backup procedures retention policies compliance requirements regulatory standards quality assurance measures audit trail documentation version control systems metadata tags file size compression settings encryption protocols digital signatures authentication methods authorization levels user permissions access logs security monitoring threat detection incident response procedures disaster recovery plans business continuity measures risk assessments vulnerability scans penetration testing security audits compliance reviews regulatory inspections certification processes accreditation standards quality metrics performance indicators service level agreements operational procedures maintenance schedules update protocols patch management systems configuration management change control procedures deployment strategies rollback plans testing methodologies validation processes verification procedures documentation standards reporting requirements monitoring systems alerting mechanisms notification procedures escalation protocols communication plans stakeholder engagement user training support services help desk procedures troubleshooting guides error handling exception management logging systems data analytics reporting dashboards performance monitoring capacity planning resource allocation budget management cost optimization efficiency measures productivity metrics success criteria key performance indicators business objectives strategic goals tactical plans operational activities project management methodologies agile practices development lifecycles software engineering principles architectural patterns design guidelines coding standards testing frameworks quality assurance processes deployment pipelines continuous integration continuous deployment devops practices infrastructure management cloud computing virtualization containerization orchestration automation scripting configuration management infrastructure as code security hardening compliance monitoring audit logging incident response disaster recovery backup strategies data protection privacy measures access controls authentication authorization encryption key management certificate management identity management single sign on multi factor authentication password policies account management user provisioning deprovisioning lifecycle management role based access control attribute based access control policy enforcement compliance reporting regulatory requirements industry standards best practices security frameworks risk management threat modeling vulnerability assessment penetration testing security testing code review static analysis dynamic analysis security scanning dependency checking license compliance intellectual property protection data classification information governance records management document control version control change management release management deployment automation testing automation performance testing load testing stress testing scalability testing reliability testing availability testing disaster recovery testing business continuity testing security testing compliance testing regulatory testing certification testing accreditation testing quality testing acceptance testing user acceptance testing system integration testing end to end testing regression testing smoke testing sanity testing exploratory testing usability testing accessibility testing compatibility testing cross platform testing cross browser testing mobile testing responsive design testing performance optimization caching strategies content delivery networks load balancing high availability fault tolerance resilience engineering chaos engineering site reliability engineering monitoring observability logging tracing metrics alerting dashboards reporting analytics machine learning artificial intelligence data science big data data engineering data warehousing business intelligence extract transform load data pipelines data lakes data governance data quality data lineage data catalog metadata management master data management reference data management data integration data synchronization data replication data backup data archiving data retention data purging data anonymization data masking data encryption data compression data deduplication storage optimization database optimization query optimization indexing partitioning sharding replication clustering high availability disaster recovery backup recovery point objective recovery time objective business continuity risk assessment business impact analysis threat assessment vulnerability assessment security assessment compliance assessment audit readiness regulatory compliance industry compliance legal compliance contractual compliance policy compliance procedure compliance standard compliance guideline compliance requirement compliance obligation compliance verification compliance validation compliance testing compliance reporting compliance monitoring compliance management governance risk compliance frameworks controls policies procedures standards guidelines requirements obligations verification validation testing reporting monitoring management oversight supervision administration coordination collaboration communication documentation training support maintenance operations production staging development testing quality assurance quality control continuous improvement process improvement performance improvement efficiency improvement productivity improvement cost reduction risk mitigation issue resolution problem solving decision making strategic planning tactical execution operational excellence service excellence customer satisfaction stakeholder engagement community outreach public relations marketing sales business development partnership alliance collaboration innovation research development experimentation pilot testing proof of concept prototype minimum viable product product development product management project management program management portfolio management resource management capacity management demand management supply management vendor management contract management procurement sourcing supplier management relationship management customer relationship management partner relationship management stakeholder relationship management community relationship management,LongX1,LongX2,LongX3,LongX4,LongX5,LongX6,LongX7,LongX8,LongX9,LongX10
Dr. Sarah Johnson,DUPLICATE123,NPI,Test File Name,33333333-3333-3333-3333-333333333333,Credentials,Medical License,Test file description for duplicate validation,Dup1,Dup2,Dup3,Dup4,Dup5,Dup6,Dup7,Dup8,Dup9,Dup10
Dr. Sarah Johnson,DUPLICATE123,NPI,None,44444444-4444-4444-4444-444444444444,Legal Documents,Signable Document,Another test file for validation with None filename,Test1,Test2,Test3,Test4,Test5,Test6,Test7,Test8,Test9,Test10