Privilege Name,ICD/CPT Code,Specialty,Subspecialty,Description,X1,X2,X3,X4,X5,X6,X7,X8,X9,X10
Cardiac Catheterization Procedure,93458,Cardiology,Interventional Cardiology,Privilege to perform diagnostic and therapeutic cardiac catheterization procedures,Priv1,Cardiac,Invasive,2024,Active,Primary,Procedure,Hospital,Verified,Complete
Emergency Intubation,31500,Emergency Medicine,Critical Care,Privilege to perform emergency endotracheal intubation procedures,Priv2,Emergency,Airway,2024,Active,Primary,Procedure,Emergency,Verified,Complete
Pediatric Consultation,99243,Pediatrics,General Pediatrics,General pediatric consultation and evaluation privileges,Priv3,Pediatric,Consult,2024,Active,Primary,Consultation,Clinic,Verified,Complete
General Surgery Procedures,47562,Surgery,General Surgery,Laparoscopic cholecystectomy and general surgical procedures,Priv4,Surgery,Laparoscopic,2024,Active,Primary,Procedure,OR,Verified,Complete
Joint Replacement Surgery,27447,Orthopedic Surgery,Joint Replacement,Total knee arthroplasty and joint replacement procedures,Priv5,Orthopedic,Joint,2024,Active,Primary,Procedure,OR,Verified,Complete
Interventional Radiology,36247,Radiology,Interventional Radiology,Selective catheter placement and interventional procedures,Priv6,Radiology,Interventional,2024,Active,Primary,Procedure,Imaging,Verified,Complete
Anesthesia Administration,00400,Anesthesiology,General Anesthesia,General anesthesia for surgical procedures,Priv7,Anesthesia,General,2024,Active,Primary,Administration,OR,Verified,Complete
Dermatologic Surgery,11400,Dermatology,Mohs Surgery,Excision of benign and malignant skin lesions,Priv8,Dermatology,Excision,2024,Active,Primary,Procedure,Clinic,Verified,Complete
Ophthalmologic Surgery,66984,Ophthalmology,Cataract Surgery,Extracapsular cataract extraction with IOL insertion,Priv9,Ophthalmology,Cataract,2024,Active,Primary,Procedure,Outpatient,Verified,Complete
Urological Procedures,52000,Urology,General Urology,Cystourethroscopy and urological diagnostic procedures,Priv10,Urology,Diagnostic,2024,Active,Primary,Procedure,Outpatient,Verified,Complete
Multi-Specialty Consultation,99245,Internal Medicine|Cardiology,Heart Failure|Diabetes,Comprehensive consultation for complex medical conditions with cardiac and endocrine components,Priv11,MultiSpec,Complex,2024,Active,Primary,Consultation,Hospital,Verified,Complete
Pain Management Procedures,62311,Anesthesiology|Physical Medicine and Rehabilitation,Pain Management|Interventional Pain,Epidural steroid injection and pain management interventions,Priv12,Pain,Injection,2024,Active,Primary,Procedure,Clinic,Verified,Complete
This is a very long privilege name that exceeds the one hundred character limit for privilege names,TOOLONGCODE123456789012345678901234567890123456789012345678901234567890,This is a very long specialty name that exceeds one hundred characters and should trigger validation error,This is a very long subspecialty name that exceeds one hundred characters and should trigger validation error,This is an extremely long description that goes on and on with excessive detail about the privilege and contains way too much information that exceeds the character limit of ten thousand characters by including comprehensive details about every aspect of the medical privilege including its clinical applications diagnostic criteria treatment protocols patient safety measures quality assurance requirements regulatory compliance standards professional training requirements certification processes competency assessments ongoing education needs risk management protocols incident reporting procedures adverse event monitoring patient outcome tracking performance metrics benchmarking studies comparative effectiveness research evidence-based practice guidelines clinical decision support tools electronic health record integration billing and coding requirements insurance coverage policies reimbursement procedures prior authorization processes utilization review criteria formulary restrictions drug interaction warnings contraindication alerts allergy checking protocols medication reconciliation procedures dosing guidelines administration routes monitoring parameters laboratory testing requirements imaging studies referral patterns consultation protocols discharge planning care coordination follow-up scheduling appointment management patient communication documentation requirements legal compliance privacy protection data security access controls audit trails quality improvement initiatives patient satisfaction surveys feedback mechanisms complaint resolution procedures staff training programs continuing education requirements professional development opportunities career advancement pathways leadership development succession planning workforce planning resource allocation budget management cost containment strategies efficiency improvements productivity enhancements technology adoption innovation initiatives research participation clinical trials regulatory submissions publication requirements conference presentations peer review processes accreditation standards certification maintenance license renewals malpractice insurance risk assessment liability protection legal consultation compliance monitoring regulatory inspections survey preparation deficiency correction action plan implementation progress tracking outcome measurement performance reporting dashboard development analytics interpretation decision making strategic planning tactical execution operational excellence service delivery patient care quality safety outcomes satisfaction engagement experience journey mapping process improvement lean methodologies six sigma tools change management communication strategies stakeholder engagement community outreach public relations marketing initiatives brand development reputation management crisis communication disaster preparedness business continuity emergency response pandemic planning surge capacity resource mobilization supply chain management vendor relationships contract negotiations procurement processes inventory management equipment maintenance facility operations environmental services infection control waste management sustainability initiatives energy efficiency carbon footprint reduction green building practices environmental compliance regulatory adherence policy development procedure creation standard operating protocols workflow optimization process automation system integration interoperability data exchange information sharing knowledge management intellectual property protection confidentiality agreements non-disclosure requirements trade secret protection competitive advantage market positioning strategic alliances partnership development collaboration frameworks joint ventures merger acquisition due diligence valuation analysis financial modeling investment decisions capital allocation return on investment profit maximization revenue optimization cost reduction expense management budget control financial reporting audit preparation tax planning regulatory filings compliance documentation,Long1,Long2,Long3,Long4,Long5,Long6,Long7,Long8,Long9,Long10
,MISSING1,Cardiology,,Missing privilege name test,Missing1,Missing2,Missing3,Missing4,Missing5,Missing6,Missing7,Missing8,Missing9,Missing10
Duplicate Code Test,99213,Internal Medicine,,Test privilege for duplicate ICD/CPT code validation,Dup1,Dup2,Dup3,Dup4,Dup5,Dup6,Dup7,Dup8,Dup9,Dup10