,Provider Demographic Import Format,,,,,,,,,,,,,,,,,,,,,,,,,,,,,,,,,,,,,,,,,,,,,,,,,,,,,,,,,,,,,,,,,,,,,,,,,,,,,,,,
,External ID ,External ID Type ,Salutation,Pronouns,First Name ,Middle Name,Last Name,Alternate First Name,Alternate Middle Name,Alternate Last Name,Alternate Name Start Date,Alternate Name End Date,Provider Type,National Provider Identification Number (NPI),Auto-Verify NPI?,Social Security Number (SSN),Birth Date,Country of Birth,State of Birth,City of Birth,Gender,Ethnicity,Citizenship,Work Visa Type,Visa Expiration,Visa Number,Accepting New Patients,Languages Spoken,Marital Status,Spouse Full Name,Corporate Employment Type,Supervising Physician's Name,Time in this Position Start Date,Time in this Position End Date,Specialty,Subspecialty,Taxonomy,Medicare Number,Medicaid Number,Login Email/Contact Email,Other Email,Home Phone,Mobile Phone,Pager,Preferred Contact Method,Address Line 1,Address Line 2,City,State,Zip,Country,Emergency Contact First Name,Emergency Contact Last Name,Emergency Contact Phone Number,Emergency Contact Email,Tax ID,Tax Name,Provider ID,Internal ID,EMR ID,SSO ID,Suffix,Preferred Name,Alternate Name Suffix,UPIN,County of Birth,Spouse Phone Number,Military Start Date,Military End Date,Military Branch,Military Status,Military Title,County,Assistant Name,Assistant Email,Assistant Phone,Preferred Credentials,Affiliation Verification Available,Primary Credentialing Specialist Email,Disable Expiring Notifications,Provider User Defined Fields (new fields should always be positioned before these)
Header Notes:,^(leave blank to create new),^(leave blank to create new),,,Required Field,,Required Field,,,,,,,,,,,,,,,,,,,,,values should be pipe-delimited (|),,,,,,,,,,,,,,,,,,,,,,,,,,,,,,,,,,,,,,,,,,,,,,,,,,,,,"Multi-select UDF's are pipe-delimited (""|"")"
,,,,,,,,,,,,,,,,,,,,,,,,,,,,,,,,,,,,,,,,,,,,,,,,,,,,,,,,,,,,,,,,,,,,,,,,,,,,,,,,,
,Field Validations,,,,,,,,,,,,,,,,,,,,,,,,,,,,,,,,,,,,,,,,,,,,,,,,,,,,,,,,,,,,,,,,,,,,,,,,,,,,,,,,
,Field level validations match existing database and UI constraints. Also includes validation to prevent duplicate updates (duplicate external IDs in file),,,,,,,,,,,,,,,,,,,,,,,,,,,,,,,,,,,,,,,,,,,,,,,,,,,,,,,,,,,,,,,,,,,,,,,,,,,,,,,,
,File/Import Level,Error/Warning,Field,Field Limit,Validation,Message,,,General Notes ,,,,,,,,,,,,,,,,,,,,,,,,,,,,,,,,,,,,,,,,,,,,,,,,,,,,,,,,,,,,,,,,,,,,,,,,
,File,Error,First Name,50,Validate fields does not exceed character limit,First Name exceeds character limit of 50,,,Red text means these fields are required - do not omit,,,,,,,,,,,,,,,,,,,,,,,,,,,,,,,,,,,,,,,,,,,,,,,,,,,,,,,,,,,,,,,,,,,,,,,,
,,,,,First Name is not provided,First Name required,,,Do not omit any dummy fields from CSV file,,,,,,,,,,,,,,,,,,,,,,,,,,,,,,,,,,,,,,,,,,,,,,,,,,,,,,,,,,,,,,,,,,,,,,,,
,Import ,Warning,,,,First Name matches first name of existing provider ,,,"Preferred Contact Method options: Login Email, Other Email, Home Phone, Mobile Phone, Pager",,,,,,,,,,,,,,,,,,,,,,,,,,,,,,,,,,,,,,,,,,,,,,,,,,,,,,,,,,,,,,,,,,,,,,,,
,File,Error,Middle Name,50,Validate fields does not exceed character limit,Middle Name exceeds character limit of 50,,,,,,,,,,,,,,,,,,,,,,,,,,,,,,,,,,,,,,,,,,,,,,,,,,,,,,,,,,,,,,,,,,,,,,,,,,,
,File,Error,Last Name,50,Validate fields does not exceed character limit,Last Name exceeds character limit of 50,,,"If the text ""None"" appears in a field, field should be cleared (or any case-insensitive permutation)",,,,,,,,,,,,,,,,,,,,,,,,,,,,,,,,,,,,,,,,,,,,,,,,,,,,,,,,,,,,,,,,,,,,,,,,
,File,Error,Alternate First Name,50,Validate fields does not exceed character limit,Alternate First Name exceeds character limit of 50,,,User Defined fields should always be placed last in file. Column name must match field name exactly.,,,,,,,,,,,,,,,,,,,,,,,,,,,,,,,,,,,,,,,,,,,,,,,,,,,,,,,,,,,,,,,,,,,,,,,,
,File,Error,Alternate Middle Name,50,Validate fields does not exceed character limit,Alternate Middle Name exceeds character limit of 50,,,,,,,,,,,,,,,,,,,,,,,,,,,,,,,,,,,,,,,,,,,,,,,,,,,,,,,,,,,,,,,,,,,,,,,,,,,
,File,Error,Alternate Last Name,50,Validate fields does not exceed character limit,Alternate Last Name exceeds character limit of 50,,,"When creating a new provider, if Country of Birth is not specified but State of Birth is specified, State of Birth will be saved to the provider's record as imported and may not match pre-defined value.",,,,,,,,,,,,,,,,,,,,,,,,,,,,,,,,,,,,,,,,,,,,,,,,,,,,,,,,,,,,,,,,,,,,,,,,
,File,Error,Internal ID,100,Validate fields does not exceed character limit,Internal ID exceeds character limit of 100,,,"Use a ""|"" character to delimit values imported into multi-select user defined fields",,,,,,,,,,,,,,,,,,,,,,,,,,,,,,,,,,,,,,,,,,,,,,,,,,,,,,,,,,,,,,,,,,,,,,,,
,File,Error,Country of Birth,100,Validate fields does not exceed character limit,Country of Birth exceeds character limit of 100,,,,,,,,,,,,,,,,,,,,,,,,,,,,,,,,,,,,,,,,,,,,,,,,,,,,,,,,,,,,,,,,,,,,,,,,,,,
,File,Error,,,Validate Country appears in company settings with Display = 'y',Country of Birth is not recognized,,,,,,,,,,,,,,,,,,,,,,,,,,,,,,,,,,,,,,,,,,,,,,,,,,,,,,,,,,,,,,,,,,,,,,,,,,,
,Import,Error,,,"When updating an existing record, Country of Birth and State of Birth exist on provider, Country of Birth is in import file and differs from Country of Birth on record.",Country of Birth and State of Birth must be provided when updating Country of Birth for a provider with State of Birth,,,,,,,,,,,,,,,,,,,,,,,,,,,,,,,,,,,,,,,,,,,,,,,,,,,,,,,,,,,,,,,,,,,,,,,,,,,
,File,Error,City of Birth,100,Validate fields does not exceed character limit,City of Birth exceeds character limit of 100,,,,,,,,,,,,,,,,,,,,,,,,,,,,,,,,,,,,,,,,,,,,,,,,,,,,,,,,,,,,,,,,,,,,,,,,,,,
,File,Error,Citizenship,100,Validate fields does not exceed character limit,Citizenship exceeds character limit of 100,,,,,,,,,,,,,,,,,,,,,,,,,,,,,,,,,,,,,,,,,,,,,,,,,,,,,,,,,,,,,,,,,,,,,,,,,,,
,File,Error,Work Visa Type,,"Work Visa Type is one of: 
a. H-1B 
b. H-2B 
d. H-3B 
d. L 
e. O 
f. P 
g. R 
h. TN",Work Visa Type Unsupported,,,,,,,,,,,,,,,,,,,,,,,,,,,,,,,,,,,,,,,,,,,,,,,,,,,,,,,,,,,,,,,,,,,,,,,,,,,
,File,Error,Visa Expiration,,Date does not adhere to m/d/yyyy format OR date is invalid (ie - 9/31/2022),Visa Expiration must be formatted as m/d/yyyy,,,,,,,,,,,,,,,,,,,,,,,,,,,,,,,,,,,,,,,,,,,,,,,,,,,,,,,,,,,,,,,,,,,,,,,,,,,
,,,,,Validate that Work Visa Type is in import file,Work Visa Type is required when importing Visa Expiration,,,,,,,,,,,,,,,,,,,,,,,,,,,,,,,,,,,,,,,,,,,,,,,,,,,,,,,,,,,,,,,,,,,,,,,,,,,
,File,Error,Visa Number,20,Validate field does not exceed character limit,Visa Number exceeds character limit of 20,,,,,,,,,,,,,,,,,,,,,,,,,,,,,,,,,,,,,,,,,,,,,,,,,,,,,,,,,,,,,,,,,,,,,,,,,,,
,,,,,Validate that Work Visa Type is in import file,Work Visa Type is required when importing Visa Number,,,,,,,,,,,,,,,,,,,,,,,,,,,,,,,,,,,,,,,,,,,,,,,,,,,,,,,,,,,,,,,,,,,,,,,,,,,
,File,Error,Accepting New Patients,,"Validate value is one of: 
a. None
b. Yes
c. No

If blank, import as 'None'","Accepting New Patients must be 'None', 'Yes', 'No' or blank",,,,,,,,,,,,,,,,,,,,,,,,,,,,,,,,,,,,,,,,,,,,,,,,,,,,,,,,,,,,,,,,,,,,,,,,,,,
,File,Error,Marital Status,,"Marital Status is one of: 
a. Single
b. Married
c. Divorced
d. Separated
e. Widowed",Marital Status Unsupported,,,,,,,,,,,,,,,,,,,,,,,,,,,,,,,,,,,,,,,,,,,,,,,,,,,,,,,,,,,,,,,,,,,,,,,,,,,
,File,Error,Spouse Full Name,256,Validate field does not exceed character limit,Spouse Full Name exceeds character limit of 256,,,,,,,,,,,,,,,,,,,,,,,,,,,,,,,,,,,,,,,,,,,,,,,,,,,,,,,,,,,,,,,,,,,,,,,,,,,
,,,,,,,,,,,,,,,,,,,,,,,,,,,,,,,,,,,,,,,,,,,,,,,,,,,,,,,,,,,,,,,,,,,,,,,,,,,,,,,,,
,File,Error,Supervising Physician’s Name,100,Validate fields does not exceed character limit,Supervising Physician’s Name exceeds character limit of 100,,,,,,,,,,,,,,,,,,,,,,,,,,,,,,,,,,,,,,,,,,,,,,,,,,,,,,,,,,,,,,,,,,,,,,,,,,,
,File,Error,Specialty,100,Validate Specialty is defined in Settings > Configurable Lists,Specialty not supported,,,,,,,,,,,,,,,,,,,,,,,,,,,,,,,,,,,,,,,,,,,,,,,,,,,,,,,,,,,,,,,,,,,,,,,,,,,
,File,Error,Subspecialty,100,Validate Subspecialty is defined in Settings > Configurable Lists,Subspecialty not supported,,,,,,,,,,,,,,,,,,,,,,,,,,,,,,,,,,,,,,,,,,,,,,,,,,,,,,,,,,,,,,,,,,,,,,,,,,,
,File,Error,Taxonomy,100,Validate fields does not exceed character limit,Taxonomy exceeds character limit of 100,,,,,,,,,,,,,,,,,,,,,,,,,,,,,,,,,,,,,,,,,,,,,,,,,,,,,,,,,,,,,,,,,,,,,,,,,,,
,File,Error,Medicare Number,50,Validate fields does not exceed character limit,Medicare Number exceeds character limit of 50,,,,,,,,,,,,,,,,,,,,,,,,,,,,,,,,,,,,,,,,,,,,,,,,,,,,,,,,,,,,,,,,,,,,,,,,,,,
,File,Error,Medicaid Number,50,Validate fields does not exceed character limit,Medicaid Number exceeds character limit of 50,,,,,,,,,,,,,,,,,,,,,,,,,,,,,,,,,,,,,,,,,,,,,,,,,,,,,,,,,,,,,,,,,,,,,,,,,,,
,File,Error,Login Email,128,Validate fields does not exceed character limit,Login Email exceeds character limit of 128,,,,,,,,,,,,,,,,,,,,,,,,,,,,,,,,,,,,,,,,,,,,,,,,,,,,,,,,,,,,,,,,,,,,,,,,,,,
,File,Error,Other Email,100,Validate fields does not exceed character limit,Other Email exceeds character limit of 100,,,,,,,,,,,,,,,,,,,,,,,,,,,,,,,,,,,,,,,,,,,,,,,,,,,,,,,,,,,,,,,,,,,,,,,,,,,
,File,Error,Primary Credentialing Specialist Email,200,Validate fields does not exceed character limit,Primary Credentialing Specialist Email exceeds character limit of 200,,,,,,,,,,,,,,,,,,,,,,,,,,,,,,,,,,,,,,,,,,,,,,,,,,,,,,,,,,,,,,,,,,,,,,,,,,,
,File,Error,Home Phone,,"Phone Number is not 9, 10, or 12 digits. Should fail if any formatting is included. Ex. (404) 555-1212 will trigger validation.","Phone Number must be 9, 10, or 12-digit number",,,,,,,,,,,,,,,,,,,,,,,,,,,,,,,,,,,,,,,,,,,,,,,,,,,,,,,,,,,,,,,,,,,,,,,,,,,
,File,Error,Mobile Phone,,"Phone Number is not 9, 10, or 12 digits. Should fail if any formatting is included. Ex. (404) 555-1212 will trigger validation.","Phone Number must be 9, 10, or 12-digit number",,,,,,,,,,,,,,,,,,,,,,,,,,,,,,,,,,,,,,,,,,,,,,,,,,,,,,,,,,,,,,,,,,,,,,,,,,,
,File,Error,Pager,,"Pager is not 9, 10, of 12 digits. Should fail if any formatting is included. Ex. (404) 555-1212 will trigger validation.","Pager must be 9, 10, or 12-digit number",,,,,,,,,,,,,,,,,,,,,,,,,,,,,,,,,,,,,,,,,,,,,,,,,,,,,,,,,,,,,,,,,,,,,,,,,,,
,File,Error,Preferred Contact Method,,"Preferred Contact Method is not one of: Login Email, Other Email, Home Phone, Mobile Phone, Pager","Preferred Contact Method not supported, value defaulted to null",,,,,,,,,,,,,,,,,,,,,,,,,,,,,,,,,,,,,,,,,,,,,,,,,,,,,,,,,,,,,,,,,,,,,,,,,,,
,File,Error,Address Line 1,100,Validate fields does not exceed character limit,Address Line 1 exceeds character limit of 100,,,,,,,,,,,,,,,,,,,,,,,,,,,,,,,,,,,,,,,,,,,,,,,,,,,,,,,,,,,,,,,,,,,,,,,,,,,
,File,Error,Address Line 2,50,Validate fields does not exceed character limit,Address Line 2 exceeds character limit of 50,,,,,,,,,,,,,,,,,,,,,,,,,,,,,,,,,,,,,,,,,,,,,,,,,,,,,,,,,,,,,,,,,,,,,,,,,,,
,File,Error,City,50,Validate fields does not exceed character limit,City exceeds character limit of 50,,,,,,,,,,,,,,,,,,,,,,,,,,,,,,,,,,,,,,,,,,,,,,,,,,,,,,,,,,,,,,,,,,,,,,,,,,,
,File,Error,Country,100,Validate fields does not exceed character limit,Country exceeds character limit of 100,,,,,,,,,,,,,,,,,,,,,,,,,,,,,,,,,,,,,,,,,,,,,,,,,,,,,,,,,,,,,,,,,,,,,,,,,,,
,File,Error,Emergency Contact First Name,100,Validate fields does not exceed character limit,Emergency Contact First Name exceeds character limit of 100,,,,,,,,,,,,,,,,,,,,,,,,,,,,,,,,,,,,,,,,,,,,,,,,,,,,,,,,,,,,,,,,,,,,,,,,,,,
,File,Error,Emergency Contact Last Name,100,Validate fields does not exceed character limit,Emergency Contact Last Name exceeds character limit of 100,,,,,,,,,,,,,,,,,,,,,,,,,,,,,,,,,,,,,,,,,,,,,,,,,,,,,,,,,,,,,,,,,,,,,,,,,,,
,File,Error,Emergency Contact Email,100,Validate fields does not exceed character limit,Emergency Contact Email exceeds character limit of 100,,,,,,,,,,,,,,,,,,,,,,,,,,,,,,,,,,,,,,,,,,,,,,,,,,,,,,,,,,,,,,,,,,,,,,,,,,,
,File,Error,Tax ID,100,Validate fields does not exceed character limit,Tax ID exceeds character limit of 100,,,,,,,,,,,,,,,,,,,,,,,,,,,,,,,,,,,,,,,,,,,,,,,,,,,,,,,,,,,,,,,,,,,,,,,,,,,
,File,Error,Tax Name,100,Validate fields does not exceed character limit,Tax Name exceeds character limit of 100,,,,,,,,,,,,,,,,,,,,,,,,,,,,,,,,,,,,,,,,,,,,,,,,,,,,,,,,,,,,,,,,,,,,,,,,,,,
,File,Error,Provider ID,64,Validate fields does not exceed character limit,Provider ID exceeds character limit of 64. You entered X characters.,,,,,,,,,,,,,,,,,,,,,,,,,,,,,,,,,,,,,,,,,,,,,,,,,,,,,,,,,,,,,,,,,,,,,,,,,,,
,File,Error,EMR ID,64,Validate fields does not exceed character limit,EMR ID exceeds character limit of 64. You entered X characters.,,,,,,,,,,,,,,,,,,,,,,,,,,,,,,,,,,,,,,,,,,,,,,,,,,,,,,,,,,,,,,,,,,,,,,,,,,,
,File,Error,Salutation,,"Salutation is one of: Mr., Ms., Mrs., Dr.",Salutation not supported,,,,,,,,,,,,,,,,,,,,,,,,,,,,,,,,,,,,,,,,,,,,,,,,,,,,,,,,,,,,,,,,,,,,,,,,,,,
,File,Error,Pronouns,,"Pronouns is one of: 
a. She/Her/Hers
b. He/Him/His
c. They/Them/Theirs
d. Ze/Hir/Hirs
",Pronouns not supported,,,,,,,,,,,,,,,,,,,,,,,,,,,,,,,,,,,,,,,,,,,,,,,,,,,,,,,,,,,,,,,,,,,,,,,,,,,
,Import,Warning,State of Birth,50,State of Birth value is valid subdivision value for Country of Birth,[Imported value] is not a valid subdivison value for Country of Birth. ,,,,,,,,,,,,,,,,,,,,,,,,,,,,,,,,,,,,,,,,,,,,,,,,,,,,,,,,,,,,,,,,,,,,,,,,,,,
,File,Error,,,Validate value does not exceed character limit,State of Birth exceeds character limit of 50,,,,,,,,,,,,,,,,,,,,,,,,,,,,,,,,,,,,,,,,,,,,,,,,,,,,,,,,,,,,,,,,,,,,,,,,,,,
,File,Import,,,"When updating an existing record, Country of Birth and State of Birth exist on provider, State of Birth is in import file and differs from State of Birth on record. ",Country of Birth and State of Birth must be provided when updating State of Birth.,,,,,,,,,,,,,,,,,,,,,,,,,,,,,,,,,,,,,,,,,,,,,,,,,,,,,,,,,,,,,,,,,,,,,,,,,,,
,File,Error,Gender,,"Gender matches one of: Male, Female, Transgender, Not Specified",Gender not supported,,,,,,,,,,,,,,,,,,,,,,,,,,,,,,,,,,,,,,,,,,,,,,,,,,,,,,,,,,,,,,,,,,,,,,,,,,,
,File,Error,Ethnicity,,"Ethnicity matches one of: American Indian or Alaska Native, Black or African American, Hispanic or Latino, Native Hawaiian or Pacific Islander, White",Ethnicity not supported,,,,,,,,,,,,,,,,,,,,,,,,,,,,,,,,,,,,,,,,,,,,,,,,,,,,,,,,,,,,,,,,,,,,,,,,,,,
,Import,Error,Corporate Employment Type,,Corporate Employment Type is not valid for the company,Corporate Employment Type not defined for company,,,,,,,,,,,,,,,,,,,,,,,,,,,,,,,,,,,,,,,,,,,,,,,,,,,,,,,,,,,,,,,,,,,,,,,,,,,
,File,Warning,State,,State matches a value on state drop-down (abbreviation),State value [import value] not supported,,,,,,,,,,,,,,,,,,,,,,,,,,,,,,,,,,,,,,,,,,,,,,,,,,,,,,,,,,,,,,,,,,,,,,,,,,,
,File,Error,Login Email/Contact Email,,Email address does not adhere to username@domain.com format.,Login Email/Contact Email not a valid email,,,,,,,,,,,,,,,,,,,,,,,,,,,,,,,,,,,,,,,,,,,,,,,,,,,,,,,,,,,,,,,,,,,,,,,,,,,
,File,Error,Other Email,,Email address does not adhere to username@domain.com format.,Other Email not a valid email,,,,,,,,,,,,,,,,,,,,,,,,,,,,,,,,,,,,,,,,,,,,,,,,,,,,,,,,,,,,,,,,,,,,,,,,,,,
,File,Error,Primary Credentialing Specialist Email,,Email address does not adhere to username@domain.com format.,Primary Credentialing Specialist Email not a valid email,,,,,,,,,,,,,,,,,,,,,,,,,,,,,,,,,,,,,,,,,,,,,,,,,,,,,,,,,,,,,,,,,,,,,,,,,,,
,File,Error,Emergency Contact Email,,Email address does not adhere to username@domain.com format.,Emergency Contact Email not a valid email,,,,,,,,,,,,,,,,,,,,,,,,,,,,,,,,,,,,,,,,,,,,,,,,,,,,,,,,,,,,,,,,,,,,,,,,,,,
,File,Error,Alternate Name Start Date,,Date does not adhere to m/d/yyyy format OR date is invalid (ie - 9/31/2022),Alternate Name Start Date must be formatted as m/d/yyyy,,,,,,,,,,,,,,,,,,,,,,,,,,,,,,,,,,,,,,,,,,,,,,,,,,,,,,,,,,,,,,,,,,,,,,,,,,,
,File,Error,Alternate Name End Date,,Date does not adhere to m/d/yyyy format OR date is invalid (ie - 9/31/2022),Alternate Name End Date must be formatted as m/d/yyyy,,"Discussed in story review that we would expect all input values to be formatted as they are in DB. Phone numbers are stored with no formatting applied, so this is the format in which we expect them to be enered (ie. 4045551212 instead of (404) 555-1212).",,,,,,,,,,,,,,,,,,,,,,,,,,,,,,,,,,,,,,,,,,,,,,,,,,,,,,,,,,,,,,,,,,,,,,,,,
,File,Error,Date of Birth,,Date does not adhere to m/d/yyyy format OR date is invalid (ie - 9/31/2022),Date of Birth must be formatted as m/d/yyyy,,,,,,,,,,,,,,,,,,,,,,,,,,,,,,,,,,,,,,,,,,,,,,,,,,,,,,,,,,,,,,,,,,,,,,,,,,,
,File,Error,Time in Position Start Date,,Date does not adhere to m/d/yyyy format OR date is invalid (ie - 9/31/2022),Time in Position Start Date must be formatted as m/d/yyyy,,,,,,,,,,,,,,,,,,,,,,,,,,,,,,,,,,,,,,,,,,,,,,,,,,,,,,,,,,,,,,,,,,,,,,,,,,,
,File,Error,Time in Position End Date,,Date does not adhere to m/d/yyyy format OR date is invalid (ie - 9/31/2022),Time in Position End Date must be formatted as m/d/yyyy,,,,,,,,,,,,,,,,,,,,,,,,,,,,,,,,,,,,,,,,,,,,,,,,,,,,,,,,,,,,,,,,,,,,,,,,,,,
,File,Error,Social Security Number,,SSN is not 9 digits,Must be a 9 digit SSN (###-##-####),,,,,,,,,,,,,,,,,,,,,,,,,,,,,,,,,,,,,,,,,,,,,,,,,,,,,,,,,,,,,,,,,,,,,,,,,,,
,File,Error,NPI,,NPI is not 10 digits,NPI must be exactly 10 digits,,,,,,,,,,,,,,,,,,,,,,,,,,,,,,,,,,,,,,,,,,,,,,,,,,,,,,,,,,,,,,,,,,,,,,,,,,,
,File,Error,Home Phone,,"Home Phone is not 9, 10, or 12 digits. Should fail if any formatting is included. Ex. (404) 555-1212 will trigger validation.","Home Phone must be 9, 10, or 12-digit number",,,,,,,,,,,,,,,,,,,,,,,,,,,,,,,,,,,,,,,,,,,,,,,,,,,,,,,,,,,,,,,,,,,,,,,,,,,
,File,Error,Mobile Phone,,"Mobile Phone is not 9, 10, or 12 digits. Should fail if any formatting is included. Ex. (404) 555-1212 will trigger validation.","Mobile Phone must be 9, 10, or 12-digit number",,"Open question out to Landis on whether or not these are required for new providers.
8/25/22 - Landis says they would prefer not to pass in External ID and External ID Type for new providers, so these are no longer required. We will assume that any rows where they are present represent an update to an existing provider, and any rows where are missing represent creation of new provider.",,,,,,,,,,,,,,,,,,,,,,,,,,,,,,,,,,,,,,,,,,,,,,,,,,,,,,,,,,,,,,,,,,,,,,,,,
,File,Error,Emergency Contact Phone Number,,"Emergency Contact Phone is not 9, 10, or 12 digits. Should fail if any formatting is included. Ex. (404) 555-1212 will trigger validation.","Emergency Contact Phone must be 9, 10, or 12-digit number",,,,,,,,,,,,,,,,,,,,,,,,,,,,,,,,,,,,,,,,,,,,,,,,,,,,,,,,,,,,,,,,,,,,,,,,,,,
,File,Error,Zip Code,,Zip code is <= 10 alphanumeric characters,Zip exceeds character limit of 10,,,,,,,,,,,,,,,,,,,,,,,,,,,,,,,,,,,,,,,,,,,,,,,,,,,,,,,,,,,,,,,,,,,,,,,,,,,
,File,Error,External ID,,"Validate NPI or Provider ID are valid values. We are NOT validating that these value exist in the database, just that they adhere to proper format.",External ID not valid,,,,,,,,,,,,,,,,,,,,,,,,,,,,,,,,,,,,,,,,,,,,,,,,,,,,,,,,,,,,,,,,,,,,,,,,,,,
,File,Error,First Name,,First Name is not provided,First Name required,,,,,,,,,,,,,,,,,,,,,,,,,,,,,,,,,,,,,,,,,,,,,,,,,,,,,,,,,,,,,,,,,,,,,,,,,,,
,File,Error,Last Name,,Last Name is not provided,Last Name required,,,,,,,,,,,,,,,,,,,,,,,,,,,,,,,,,,,,,,,,,,,,,,,,,,,,,,,,,,,,,,,,,,,,,,,,,,,
,File,Error,External ID,,External ID is not provided,External ID is required,,,,,,,,,,,,,,,,,,,,,,,,,,,,,,,,,,,,,,,,,,,,,,,,,,,,,,,,,,,,,,,,,,,,,,,,,,,
,File,Error,External ID Type,,External ID Type is not provided,External ID Type is required,,,,,,,,,,,,,,,,,,,,,,,,,,,,,,,,,,,,,,,,,,,,,,,,,,,,,,,,,,,,,,,,,,,,,,,,,,,
,File,Error,External ID Type,,"External ID Type is not one of: NPI, InternalID, ProviderID, EmrID",External ID Type not valid,,,,,,,,,,,,,,,,,,,,,,,,,,,,,,,,,,,,,,,,,,,,,,,,,,,,,,,,,,,,,,,,,,,,,,,,,,,
,File,Error,External ID and External ID Type,,More than one row in file with the same External ID Type and External ID.,Duplicate External ID and Type found,,"8/25/2022 - Realized that as an outcome of the decision to make these not required, we'll need to make sure they have both if either one is in the file. ",,,,,,,,,,,,,,,,,,,,,,,,,,,,,,,,,,,,,,,,,,,,,,,,,,,,,,,,,,,,,,,,,,,,,,,,,
,File,Error,NPI,,Multiple rows in file have the same NPI,Duplicate NPI found,,,,,,,,,,,,,,,,,,,,,,,,,,,,,,,,,,,,,,,,,,,,,,,,,,,,,,,,,,,,,,,,,,,,,,,,,,,
,File,Error,Internal ID,,Multiple rows in the file have the same ID,Duplicate Internal ID found,,,,,,,,,,,,,,,,,,,,,,,,,,,,,,,,,,,,,,,,,,,,,,,,,,,,,,,,,,,,,,,,,,,,,,,,,,,
,File,Error,Provider ID,,Multiple rows in the file have the same ID,Duplicate Provider ID found,,,,,,,,,,,,,,,,,,,,,,,,,,,,,,,,,,,,,,,,,,,,,,,,,,,,,,,,,,,,,,,,,,,,,,,,,,,
,File,Error,EMR ID,,Multiple rows in the file have the same ID,Duplicate EMR ID found,,,,,,,,,,,,,,,,,,,,,,,,,,,,,,,,,,,,,,,,,,,,,,,,,,,,,,,,,,,,,,,,,,,,,,,,,,,
,File,Error,External ID and External ID Type,,"User has provided only one of External ID and External ID Type, but not both.",Must provide both External ID and External ID Type,,,,,,,,,,,,,,,,,,,,,,,,,,,,,,,,,,,,,,,,,,,,,,,,,,,,,,,,,,,,,,,,,,,,,,,,,,,
,Import,Error,Provider Type,,Provider Type is not valid for the company,Provider Type not defined for company,,,,,,,,,,,,,,,,,,,,,,,,,,,,,,,,,,,,,,,,,,,,,,,,,,,,,,,,,,,,,,,,,,,,,,,,,,,
,,,,,Provider Type is blank when creating a new provider,Provider Type is required,,,,,,,,,,,,,,,,,,,,,,,,,,,,,,,,,,,,,,,,,,,,,,,,,,,,,,,,,,,,,,,,,,,,,,,,,,,
,Import,Error,External ID Type/External ID,,External ID does not match External ID of existing provider in company,No matching provider found,,,,,,,,,,,,,,,,,,,,,,,,,,,,,,,,,,,,,,,,,,,,,,,,,,,,,,,,,,,,,,,,,,,,,,,,,,,
,Import,Error,External ID Type/External ID,,External ID matches more than one existing provider in company,[ID Type] matches the [ID Type] of more than one existing provider,,,,,,,,,,,,,,,,,,,,,,,,,,,,,,,,,,,,,,,,,,,,,,,,,,,,,,,,,,,,,,,,,,,,,,,,,,,
,Import,Error,"NPI, Provider ID, Emr ID, Internal ID",,ID matches the ID of an exisiting provider in company,[ID Type] matches the [ID Type] of an existing provider,,,,,,,,,,,,,,,,,,,,,,,,,,,,,,,,,,,,,,,,,,,,,,,,,,,,,,,,,,,,,,,,,,,,,,,,,,,
,Import,Error,Languages Spoken,,Any value passed in the list is invalid,Languages Spoken not supported,,,,,,,,,,,,,,,,,,,,,,,,,,,,,,,,,,,,,,,,,,,,,,,,,,,,,,,,,,,,,,,,,,,,,,,,,,,
,Import,Warning,Provider's first and last name match the first and last name of an exising provider,,,Provider’s First and Last Name match the First and Last Name of an existing provider.,,,,,,,,,,,,,,,,,,,,,,,,,,,,,,,,,,,,,,,,,,,,,,,,,,,,,,,,,,,,,,,,,,,,,,,,,,,
,Import,Warning,"Provider data was updated, but provider is inactive",,,Provider was updated but is inactive.,,,,,,,,,,,,,,,,,,,,,,,,,,,,,,,,,,,,,,,,,,,,,,,,,,,,,,,,,,,,,,,,,,,,,,,,,,,
,File,Warning,Suffix ,,"Suffix matches one of: Sr, Jr, II, III, IV",Suffix value [imported value] not supported.,,,,,,,,,,,,,,,,,,,,,,,,,,,,,,,,,,,,,,,,,,,,,,,,,,,,,,,,,,,,,,,,,,,,,,,,,,,
,File,Error,Preferred Name,256,Validate value does not exceed character limit,Preferred Name exceeds character limit of 256,,,,,,,,,,,,,,,,,,,,,,,,,,,,,,,,,,,,,,,,,,,,,,,,,,,,,,,,,,,,,,,,,,,,,,,,,,,
,File,Warning,Alternate Name Suffix,,"Alternate Name Suffix matches one of: Sr, Jr, II, III, IV",Alternate Name Suffix value [imported value] not supported.,,,,,,,,,,,,,,,,,,,,,,,,,,,,,,,,,,,,,,,,,,,,,,,,,,,,,,,,,,,,,,,,,,,,,,,,,,,
,File,Error,UPIN,6,"Value is 6 characters long (cannot be less or more), alphanumeric",UPIN must be a 6 character alphanumeric value,,,,,,,,,,,,,,,,,,,,,,,,,,,,,,,,,,,,,,,,,,,,,,,,,,,,,,,,,,,,,,,,,,,,,,,,,,,
,File,Error,County of Birth,100,Validate value does not exceed character limit,County of Birth exceeds character limit of 100,,,,,,,,,,,,,,,,,,,,,,,,,,,,,,,,,,,,,,,,,,,,,,,,,,,,,,,,,,,,,,,,,,,,,,,,,,,
,File,Error,Spouse Phone Number,,"Spouse Phone Number is 9, 10, of 12 digits. Should fail if any formatting is included. Ex. (404) 555-1212 will trigger validation.","Spouse Phone Number must be 9, 10, or 12-digit number",,,,,,,,,,,,,,,,,,,,,,,,,,,,,,,,,,,,,,,,,,,,,,,,,,,,,,,,,,,,,,,,,,,,,,,,,,,
,,,,,,,,,,,,,,,,,,,,,,,,,,,,,,,,,,,,,,,,,,,,,,,,,,,,,,,,,,,,,,,,,,,,,,,,,,,,,,,,,
,File,Error,Military Start Date,,Date does not adhere to m/d/yyyy format OR date is invalid (ie - 9/31/2022),Military Start Date must be formatted as m/d/yyyy,,,,,,,,,,,,,,,,,,,,,,,,,,,,,,,,,,,,,,,,,,,,,,,,,,,,,,,,,,,,,,,,,,,,,,,,,,,
,File,Error,Military End Date,,Date does not adhere to m/d/yyyy format OR date is invalid (ie - 9/31/2022),Military End Date must be formatted as m/d/yyyy,,,,,,,,,,,,,,,,,,,,,,,,,,,,,,,,,,,,,,,,,,,,,,,,,,,,,,,,,,,,,,,,,,,,,,,,,,,
,File,Error,Military Branch,,"Value is one of the following: 
Air Force
Army
Coast Guard
Marine Corps
Military Resident
Navy
Other Government Provider
Space Force
",Military Branch not supported.,,,,,,,,,,,,,,,,,,,,,,,,,,,,,,,,,,,,,,,,,,,,,,,,,,,,,,,,,,,,,,,,,,,,,,,,,,,
,File,Error,Military Status,,"Must be one of: 
Active
Government Civilian
Guard
Inactive
Reserve
Retired",Military Status not supported.,,,,,,,,,,,,,,,,,,,,,,,,,,,,,,,,,,,,,,,,,,,,,,,,,,,,,,,,,,,,,,,,,,,,,,,,,,,
,File,Error,Military Title,200,Values does not exceed character limit,Military Title exceeds character limit of 200. ,,,,,,,,,,,,,,,,,,,,,,,,,,,,,,,,,,,,,,,,,,,,,,,,,,,,,,,,,,,,,,,,,,,,,,,,,,,
,File,Error,County,100,Values does not exceed character limit,County exceeds character limit of 100. ,,,,,,,,,,,,,,,,,,,,,,,,,,,,,,,,,,,,,,,,,,,,,,,,,,,,,,,,,,,,,,,,,,,,,,,,,,,
,File,Error,Assistant Name,256,Values does not exceed character limit,Assistant Name exceeds character limit of 256. ,,,,,,,,,,,,,,,,,,,,,,,,,,,,,,,,,,,,,,,,,,,,,,,,,,,,,,,,,,,,,,,,,,,,,,,,,,,
,File,Error,Assistant Email,,Email address does not adhere to username@domain.com format.,Assistant Email not a valid email,,,,,,,,,,,,,,,,,,,,,,,,,,,,,,,,,,,,,,,,,,,,,,,,,,,,,,,,,,,,,,,,,,,,,,,,,,,
,,,,100,Validate value does not exceed character limit,Assistant Email exceeds character limit of 100.,,,,,,,,,,,,,,,,,,,,,,,,,,,,,,,,,,,,,,,,,,,,,,,,,,,,,,,,,,,,,,,,,,,,,,,,,,,
,File,Error,Assistant Phone,,"Assistant Phone is not 9, 10, or 12 digits. Should fail if any formatting is included. Ex. (404) 555-1212 will trigger validation.","Assistant Phone must be 9, 10, or 12-digit number",,,,,,,,,,,,,,,,,,,,,,,,,,,,,,,,,,,,,,,,,,,,,,,,,,,,,,,,,,,,,,,,,,,,,,,,,,,
,File,Error,Preferred Credentials,50,Validate character limit is not exceeded,Preferred Credentails exceeds character limit of 50.,,,,,,,,,,,,,,,,,,,,,,,,,,,,,,,,,,,,,,,,,,,,,,,,,,,,,,,,,,,,,,,,,,,,,,,,,,,
,File,Error,Affiliation Verification Available,,"Value is one of 'Yes', 'No', or blank","Affiliation Verification Available must be 'Yes', 'No', or blank.",,,,,,,,,,,,,,,,,,,,,,,,,,,,,,,,,,,,,,,,,,,,,,,,,,,,,,,,,,,,,,,,,,,,,,,,,,,
,Import,Error,User Defined Fields,,Validate that there is an enabled Provider User Defined field where field name matches column name in file.,{Column #} has incorrect value. No matching user defined field for {column header name}.,,,,,,,,,,,,,,,,,,,,,,,,,,,,,,,,,,,,,,,,,,,,,,,,,,,,,,,,,,,,,,,,,,,,,,,,,,,
,File,Error,Text Input User Defined Fields,,Value does not exceed character limit,{Field Name} exceeds character limit of 50,,,,,,,,,,,,,,,,,,,,,,,,,,,,,,,,,,,,,,,,,,,,,,,,,,,,,,,,,,,,,,,,,,,,,,,,,,,
,File,Error,Checkbox User Defined Fields,,"Value must be 'T', 'F', or None","{Field Name} must be 'T', 'F' or blank",,,,,,,,,,,,,,,,,,,,,,,,,,,,,,,,,,,,,,,,,,,,,,,,,,,,,,,,,,,,,,,,,,,,,,,,,,,
,Import,Error,Drop-down User Defined Fields,,File value matches a non-deleted list value,{Field Name} not supported,,,,,,,,,,,,,,,,,,,,,,,,,,,,,,,,,,,,,,,,,,,,,,,,,,,,,,,,,,,,,,,,,,,,,,,,,,,
,File,Error,Multi-Line Text User Defined Fields,,Value does not exceed character limit defined in Settings,{Field Name} exceeds character limit of [limit defined in Settings].,,,,,,,,,,,,,,,,,,,,,,,,,,,,,,,,,,,,,,,,,,,,,,,,,,,,,,,,,,,,,,,,,,,,,,,,,,,
,File,Error,Date User Defined Fields,,Value does not adhere to m/d/yyyy format or is an invalid date (ie - 2/31/2023),{Field Name} must be formatted as m/d/yyyy,,,,,,,,,,,,,,,,,,,,,,,,,,,,,,,,,,,,,,,,,,,,,,,,,,,,,,,,,,,,,,,,,,,,,,,,,,,
,File,Error,Link User Defined Fields,,Validate value has correct URL formatting,{Field Name} is not a valid URL,,,,,,,,,,,,,,,,,,,,,,,,,,,,,,,,,,,,,,,,,,,,,,,,,,,,,,,,,,,,,,,,,,,,,,,,,,,
,Import,Error,Link User Defined Fields,,Validate link domain is listed on Setup > List Management > Whitelisted Domains,{Field Name} must contain an approved domain. ,,,,,,,,,,,,,,,,,,,,,,,,,,,,,,,,,,,,,,,,,,,,,,,,,,,,,,,,,,,,,,,,,,,,,,,,,,,
,File,Error,Disable Expiring Notifications,,"Validate value is one of: 
a. No
b. Yes

If blank, import as 'No'",Disable Expiring Notifications must be 'Yes' or 'No' ,,,,,,,,,,,,,,,,,,,,,,,,,,,,,,,,,,,,,,,,,,,,,,,,,,,,,,,,,,,,,,,,,,,,,,,,,,,
,,,,,,,,,,,,,,,,,,,,,,,,,,,,,,,,,,,,,,,,,,,,,,,,,,,,,,,,,,,,,,,,,,,,,,,,,,,,,,,,,
,,,,,,,,,,,,,,,,,,,,,,,,,,,,,,,,,,,,,,,,,,,,,,,,,,,,,,,,,,,,,,,,,,,,,,,,,,,,,,,,,
,CRED-34362,,,,,,,,,,,,,,,,,,,,,,,,,,,,,,,,,,,,,,,,,,,,,,,,,,,,,,,,,,,,,,,,,,,,,,,,,,,,,,,,
,,,,,,,,,,,,,,,,,,,,,,,,,,,,,,,,,,,,,,,,,,,,,,,,,,,,,,,,,,,,,,,,,,,,,,,,,,,,,,,,,
,Supported Fields,,,,,,,,,,,,,,,,,,,,,,,,,,,,,,,,,,,,,,,,,,,,,,,,,,,,,,,,,,,,,,,,,,,,,,,,,,,,,,,,
,This import is used to add and update providers in a company. Fields supported in this import are all fields found under the Provider > Personal Information section of the Provider Profile:,,,,,,,,,,,,,,,,,,,,,,,,,,,,,,,,,,,,,,,,,,,,,,,,,,,,,,,,,,,,,,,,,,,,,,,,,,,,,,,,
,Salutation,,,,,,,,,,,,,,,,,,,,,,,,,,,,,,,,,,,,,,,,,,,,,,,,,,,,,,,,,,,,,,,,,,,,,,,,,,,,,,,,
,Pronouns,,,,,,,,,,,,,,,,,,,,,,,,,,,,,,,,,,,,,,,,,,,,,,,,,,,,,,,,,,,,,,,,,,,,,,,,,,,,,,,,
,First Name,,,,,,,,,,,,,,,,,,,,,,,,,,,,,,,,,,,,,,,,,,,,,,,,,,,,,,,,,,,,,,,,,,,,,,,,,,,,,,,,
,Middle Name,,,,,,,,,,,,,,,,,,,,,,,,,,,,,,,,,,,,,,,,,,,,,,,,,,,,,,,,,,,,,,,,,,,,,,,,,,,,,,,,
,Last Name,,,,,,,,,,,,,,,,,,,,,,,,,,,,,,,,,,,,,,,,,,,,,,,,,,,,,,,,,,,,,,,,,,,,,,,,,,,,,,,,
,Alternate First Name,,,,,,,,,,,,,,,,,,,,,,,,,,,,,,,,,,,,,,,,,,,,,,,,,,,,,,,,,,,,,,,,,,,,,,,,,,,,,,,,
,Alternate Middle Name,,,,,,,,,,,,,,,,,,,,,,,,,,,,,,,,,,,,,,,,,,,,,,,,,,,,,,,,,,,,,,,,,,,,,,,,,,,,,,,,
,Alternate Last Name,,,,,,,,,,,,,,,,,,,,,,,,,,,,,,,,,,,,,,,,,,,,,,,,,,,,,,,,,,,,,,,,,,,,,,,,,,,,,,,,
,Alternate Name Start Date,,,,,,,,,,,,,,,,,,,,,,,,,,,,,,,,,,,,,,,,,,,,,,,,,,,,,,,,,,,,,,,,,,,,,,,,,,,,,,,,
,Alternate Name End Date,,,,,,,,,,,,,,,,,,,,,,,,,,,,,,,,,,,,,,,,,,,,,,,,,,,,,,,,,,,,,,,,,,,,,,,,,,,,,,,,
,Provider Type,,,,,,,,,,,,,,,,,,,,,,,,,,,,,,,,,,,,,,,,,,,,,,,,,,,,,,,,,,,,,,,,,,,,,,,,,,,,,,,,
,NPI,,,,,,,,,,,,,,,,,,,,,,,,,,,,,,,,,,,,,,,,,,,,,,,,,,,,,,,,,,,,,,,,,,,,,,,,,,,,,,,,
,Social Security Number,,,,,,,,,,,,,,,,,,,,,,,,,,,,,,,,,,,,,,,,,,,,,,,,,,,,,,,,,,,,,,,,,,,,,,,,,,,,,,,,
,Birth Date,,,,,,,,,,,,,,,,,,,,,,,,,,,,,,,,,,,,,,,,,,,,,,,,,,,,,,,,,,,,,,,,,,,,,,,,,,,,,,,,
,Country of Birth,,,,,,,,,,,,,,,,,,,,,,,,,,,,,,,,,,,,,,,,,,,,,,,,,,,,,,,,,,,,,,,,,,,,,,,,,,,,,,,,
,State of Birth,,,,,,,,,,,,,,,,,,,,,,,,,,,,,,,,,,,,,,,,,,,,,,,,,,,,,,,,,,,,,,,,,,,,,,,,,,,,,,,,
,City of Birth,,,,,,,,,,,,,,,,,,,,,,,,,,,,,,,,,,,,,,,,,,,,,,,,,,,,,,,,,,,,,,,,,,,,,,,,,,,,,,,,
,Gender,,,,,,,,,,,,,,,,,,,,,,,,,,,,,,,,,,,,,,,,,,,,,,,,,,,,,,,,,,,,,,,,,,,,,,,,,,,,,,,,
,Ethnicity,,,,,,,,,,,,,,,,,,,,,,,,,,,,,,,,,,,,,,,,,,,,,,,,,,,,,,,,,,,,,,,,,,,,,,,,,,,,,,,,
,Citizenship,,,,,,,,,,,,,,,,,,,,,,,,,,,,,,,,,,,,,,,,,,,,,,,,,,,,,,,,,,,,,,,,,,,,,,,,,,,,,,,,
,Work Visa Type,,,,,,,,,,,,,,,,,,,,,,,,,,,,,,,,,,,,,,,,,,,,,,,,,,,,,,,,,,,,,,,,,,,,,,,,,,,,,,,,
,Visa Expiration,,,,,,,,,,,,,,,,,,,,,,,,,,,,,,,,,,,,,,,,,,,,,,,,,,,,,,,,,,,,,,,,,,,,,,,,,,,,,,,,
,Visa Number,,,,,,,,,,,,,,,,,,,,,,,,,,,,,,,,,,,,,,,,,,,,,,,,,,,,,,,,,,,,,,,,,,,,,,,,,,,,,,,,
,Accepting New Patients,,,,,,,,,,,,,,,,,,,,,,,,,,,,,,,,,,,,,,,,,,,,,,,,,,,,,,,,,,,,,,,,,,,,,,,,,,,,,,,,
,Languages Spoken,,,,,,,,,,,,,,,,,,,,,,,,,,,,,,,,,,,,,,,,,,,,,,,,,,,,,,,,,,,,,,,,,,,,,,,,,,,,,,,,
,Marital Status,,,,,,,,,,,,,,,,,,,,,,,,,,,,,,,,,,,,,,,,,,,,,,,,,,,,,,,,,,,,,,,,,,,,,,,,,,,,,,,,
,Spouse Full Name,,,,,,,,,,,,,,,,,,,,,,,,,,,,,,,,,,,,,,,,,,,,,,,,,,,,,,,,,,,,,,,,,,,,,,,,,,,,,,,,
,Corporate Employment Type,,,,,,,,,,,,,,,,,,,,,,,,,,,,,,,,,,,,,,,,,,,,,,,,,,,,,,,,,,,,,,,,,,,,,,,,,,,,,,,,
,Supervision Physician's Name,,,,,,,,,,,,,,,,,,,,,,,,,,,,,,,,,,,,,,,,,,,,,,,,,,,,,,,,,,,,,,,,,,,,,,,,,,,,,,,,
,Time in Position Start Date,,,,,,,,,,,,,,,,,,,,,,,,,,,,,,,,,,,,,,,,,,,,,,,,,,,,,,,,,,,,,,,,,,,,,,,,,,,,,,,,
,Time in Position End Date,,,,,,,,,,,,,,,,,,,,,,,,,,,,,,,,,,,,,,,,,,,,,,,,,,,,,,,,,,,,,,,,,,,,,,,,,,,,,,,,
,Specialty,,,,,,,,,,,,,,,,,,,,,,,,,,,,,,,,,,,,,,,,,,,,,,,,,,,,,,,,,,,,,,,,,,,,,,,,,,,,,,,,
,Sub-Specialty,,,,,,,,,,,,,,,,,,,,,,,,,,,,,,,,,,,,,,,,,,,,,,,,,,,,,,,,,,,,,,,,,,,,,,,,,,,,,,,,
,Taxonomy,,,,,,,,,,,,,,,,,,,,,,,,,,,,,,,,,,,,,,,,,,,,,,,,,,,,,,,,,,,,,,,,,,,,,,,,,,,,,,,,
,Medicare Number,,,,,,,,,,,,,,,,,,,,,,,,,,,,,,,,,,,,,,,,,,,,,,,,,,,,,,,,,,,,,,,,,,,,,,,,,,,,,,,,
,Medicaid Number,,,,,,,,,,,,,,,,,,,,,,,,,,,,,,,,,,,,,,,,,,,,,,,,,,,,,,,,,,,,,,,,,,,,,,,,,,,,,,,,
,Login Email/Contact Email,,,,,,,,,,,,,,,,,,,,,,,,,,,,,,,,,,,,,,,,,,,,,,,,,,,,,,,,,,,,,,,,,,,,,,,,,,,,,,,,
,Other Email,,,,,,,,,,,,,,,,,,,,,,,,,,,,,,,,,,,,,,,,,,,,,,,,,,,,,,,,,,,,,,,,,,,,,,,,,,,,,,,,
,Home Phone,,,,,,,,,,,,,,,,,,,,,,,,,,,,,,,,,,,,,,,,,,,,,,,,,,,,,,,,,,,,,,,,,,,,,,,,,,,,,,,,
,Mobile Phone,,,,,,,,,,,,,,,,,,,,,,,,,,,,,,,,,,,,,,,,,,,,,,,,,,,,,,,,,,,,,,,,,,,,,,,,,,,,,,,,
,Pager,,,,,,,,,,,,,,,,,,,,,,,,,,,,,,,,,,,,,,,,,,,,,,,,,,,,,,,,,,,,,,,,,,,,,,,,,,,,,,,,
,Address Line 1,,,,,,,,,,,,,,,,,,,,,,,,,,,,,,,,,,,,,,,,,,,,,,,,,,,,,,,,,,,,,,,,,,,,,,,,,,,,,,,,
,Address Line 2,,,,,,,,,,,,,,,,,,,,,,,,,,,,,,,,,,,,,,,,,,,,,,,,,,,,,,,,,,,,,,,,,,,,,,,,,,,,,,,,
,City,,,,,,,,,,,,,,,,,,,,,,,,,,,,,,,,,,,,,,,,,,,,,,,,,,,,,,,,,,,,,,,,,,,,,,,,,,,,,,,,
,State,,,,,,,,,,,,,,,,,,,,,,,,,,,,,,,,,,,,,,,,,,,,,,,,,,,,,,,,,,,,,,,,,,,,,,,,,,,,,,,,
,Zip,,,,,,,,,,,,,,,,,,,,,,,,,,,,,,,,,,,,,,,,,,,,,,,,,,,,,,,,,,,,,,,,,,,,,,,,,,,,,,,,
,Country,,,,,,,,,,,,,,,,,,,,,,,,,,,,,,,,,,,,,,,,,,,,,,,,,,,,,,,,,,,,,,,,,,,,,,,,,,,,,,,,
,Emergency Contact First Name,,,,,,,,,,,,,,,,,,,,,,,,,,,,,,,,,,,,,,,,,,,,,,,,,,,,,,,,,,,,,,,,,,,,,,,,,,,,,,,,
,Emergency Contact Last Name,,,,,,,,,,,,,,,,,,,,,,,,,,,,,,,,,,,,,,,,,,,,,,,,,,,,,,,,,,,,,,,,,,,,,,,,,,,,,,,,
,Emergency Contact Phone Number,,,,,,,,,,,,,,,,,,,,,,,,,,,,,,,,,,,,,,,,,,,,,,,,,,,,,,,,,,,,,,,,,,,,,,,,,,,,,,,,
,Emergency Contact Email,,,,,,,,,,,,,,,,,,,,,,,,,,,,,,,,,,,,,,,,,,,,,,,,,,,,,,,,,,,,,,,,,,,,,,,,,,,,,,,,
,Tax ID,,,,,,,,,,,,,,,,,,,,,,,,,,,,,,,,,,,,,,,,,,,,,,,,,,,,,,,,,,,,,,,,,,,,,,,,,,,,,,,,
,Tax Name,,,,,,,,,,,,,,,,,,,,,,,,,,,,,,,,,,,,,,,,,,,,,,,,,,,,,,,,,,,,,,,,,,,,,,,,,,,,,,,,
,Provider ID,,,,,,,,,,,,,,,,,,,,,,,,,,,,,,,,,,,,,,,,,,,,,,,,,,,,,,,,,,,,,,,,,,,,,,,,,,,,,,,,
,Internal ID,,,,,,,,,,,,,,,,,,,,,,,,,,,,,,,,,,,,,,,,,,,,,,,,,,,,,,,,,,,,,,,,,,,,,,,,,,,,,,,,
,EMR ID,,,,,,,,,,,,,,,,,,,,,,,,,,,,,,,,,,,,,,,,,,,,,,,,,,,,,,,,,,,,,,,,,,,,,,,,,,,,,,,,