,Provider Location Details Import Format,,,,,,,,,,,,,,,,,,,,,,,,,,,,,,,,,,,,,,,,,,,,,,,,,,,,,
,Provider Name,External ID,External ID Type,Location Name,Location Key,Placement Date,Location Employment Type,Specialty,Taxonomy,Contract Start,Contracted Hours,Expected Start Date,Credentialing Override,End Date,Pending Date,First Shift,Last Shift,Location Preference,Sees Patients?,Provider Location Archived?,Provider User Defined Fields (new fields should always be positioned before these),,,,,,,,,,,,,,,,,,,,,,,,,,,,,,,,,
Header Notes ,Dummy Column ,Required field,"Key field for updating, Required field",Dummy Column ,Required Field,,,,,,,,,,,,,,,,"Multi-select UDF's are pipe-delimited (""|"")",,,,,,,,,,,,,,,,,,,,,,,,,,,,,,,,,
,,,,,,,,,,,,,,,,,,,,,,,,,,,,,,,,,,,,,,,,,,,,,,,,,,,,,,
,Field Validations,,,,,,,,,,,,,,,,,,,,,,,,,,,,,,,,,,,,,,,,,,,,,,,,,,,,,
,Field level validations match existing database and UI constraints. Also includes validation to prevent duplicate updates (duplicate external IDs in file),,,,,,,,,,,,,,,,,,,,,,,,,,,,,,,,,,,,,,,,,,,,,,,,,,,,,
,File/Import Level,Error/Warning,Field,Field Limit,Validation,Message,,General Notes ,,,,,,,,,,,,,,,,,,,,,,,,,,,,,,,,,,,,,,,,,,,,,,
,File,Warning,Location Key,,"If not left empty, validate field must be Y or N",Admitting Privileges must be Y or N,,"Users can add multiple Specialties using a ""|"" to separate each specialty",,,,,,,,,,,,,,,,,,,,,,,,,,,,,,,,,,,,,,,,,,,,,,
,File,Warning,Placement Date,,Date does not adhere to m/d/yyyy format OR date is invalid (ie - 9/31/2022),Placement Date must be formatted as m/d/yyyy,,Do not omit any dummy fields from CSV file,,,,,,,,,,,,,,,,,,,,,,,,,,,,,,,,,,,,,,,,,,,,,,
,File,Error,Taxonomy,100,Validate field does not exceed character limit ,Taxonomy exceeds character limit of 100,,Leaving fields blank will leave them unchanged on update of records and blank for new records,,,,,,,,,,,,,,,,,,,,,,,,,,,,,,,,,,,,,,,,,,,,,,
,File,Warning,Contract Start,,Date does not adhere to m/d/yyyy format OR date is invalid (ie - 9/31/2022),Contract Start must be formatted as m/d/yyyy,,"If the text ""None"" appears in a field, field should be cleared (or any case-insensitive permutation)",,,,,,,,,,,,,,,,,,,,,,,,,,,,,,,,,,,,,,,,,,,,,,
,File,Warning,Contracted Hours,10,Validate field does not exceed character limit,Contracted Hours exceeds character limit of 10,,"Use a ""|"" character to delimit values imported into multi-select user defined fields",,,,,,,,,,,,,,,,,,,,,,,,,,,,,,,,,,,,,,,,,,,,,,
,File,Warning,Expected Start Date,,Date does not adhere to m/d/yyyy format OR date is invalid (ie - 9/31/2022),Expected Start Date must be formatted as m/d/yyyy,,,,,,,,,,,,,,,,,,,,,,,,,,,,,,,,,,,,,,,,,,,,,,,,
,File,Warning,Credentialing Override,,"Value must be either ""End Date"", ""Pending"", ""None"", or null",Credentialing Override not supported,,,,,,,,,,,,,,,,,,,,,,,,,,,,,,,,,,,,,,,,,,,,,,,,
,File,Warning,End Date,,Date does not adhere to m/d/yyyy format OR date is invalid (ie - 9/31/2022),End Date not supported,,,,,,,,,,,,,,,,,,,,,,,,,,,,,,,,,,,,,,,,,,,,,,,,
,File,Warning,End Date,,"If Credentialing Override value = ""End Date"", this field is required",End Date required,,,,,,,,,,,,,,,,,,,,,,,,,,,,,,,,,,,,,,,,,,,,,,,,
,File,Warning,Pending Date,,Date does not adhere to m/d/yyyy format OR date is invalid (ie - 9/31/2022),Pending Date not supported,,,,,,,,,,,,,,,,,,,,,,,,,,,,,,,,,,,,,,,,,,,,,,,,
,File,Warning,Pending Date,,"If Credentialing Override value = ""Pending"", this field is required",Pending Date required,,,,,,,,,,,,,,,,,,,,,,,,,,,,,,,,,,,,,,,,,,,,,,,,
,File,Warning,First Shift,,Date does not adhere to m/d/yyyy format OR date is invalid (ie - 9/31/2022),First Shift must be formatted as m/d/yyyy,,,,,,,,,,,,,,,,,,,,,,,,,,,,,,,,,,,,,,,,,,,,,,,,
,File,Warning,Last Shift,,Date does not adhere to m/d/yyyy format OR date is invalid (ie - 9/31/2022),Last Shift must be formatted as m/d/yyyy,,,,,,,,,,,,,,,,,,,,,,,,,,,,,,,,,,,,,,,,,,,,,,,,
,File,Warning,Location Preference,,Location Preference matches a value in the dropdown,Location Preference not supported,,,,,,,,,,,,,,,,,,,,,,,,,,,,,,,,,,,,,,,,,,,,,,,,
,Import,Error,,,Location Preference matches a value in the dropdown,Location Preference not supported,,,,,,,,,,,,,,,,,,,,,,,,,,,,,,,,,,,,,,,,,,,,,,,,
,File,Warning,Sees Patients?,,Validate field must be Y or N,Sees Patients? must be Y or N,,,,,,,,,,,,,,,,,,,,,,,,,,,,,,,,,,,,,,,,,,,,,,,,
,File,Warning,Provider Location Archived?,,Validate field must be Y or N,Provider Location Archived? must be Y or N,,,,,,,,,,,,,,,,,,,,,,,,,,,,,,,,,,,,,,,,,,,,,,,,
,File,Error,External ID and External ID Type,,"User has provided only one of External ID and External ID Type, but not both.",Must provide both External ID and External ID Type,,,,,,,,,,,,,,,,,,,,,,,,,,,,,,,,,,,,,,,,,,,,,,,,
,File,Error,Location Key,,"Location Key does not adhere to XXXXXXXX-XXXX-XXXX-XXXX-XXXXXXXXXXXX format (8,4,4,4,12 characters, respectively)",Location Key must be a valid GUID,,,,,,,,,,,,,,,,,,,,,,,,,,,,,,,,,,,,,,,,,,,,,,,,
,,,,,Record has no Location Key value,Location Key required,,,,,,,,,,,,,,,,,,,,,,,,,,,,,,,,,,,,,,,,,,,,,,,,
,Import,Warning,Location Employment Type,,Location Employment Type matches a value in the dropdown,Location Employment Type not supported,,,,,,,,,,,,,,,,,,,,,,,,,,,,,,,,,,,,,,,,,,,,,,,,
,Import,Warning,Specialty,,Specilaty matches a value in company settings,Specialty not supported,,,,,,,,,,,,,,,,,,,,,,,,,,,,,,,,,,,,,,,,,,,,,,,,
,Import,Warning,Provider Location Archived?,,Location cannot be archived,Location was a unable to be archived because it has an active Appointment.,,,,,,,,,,,,,,,,,,,,,,,,,,,,,,,,,,,,,,,,,,,,,,,,
,Import,Error,External ID,,External ID not provided by user,External Id required,,,,,,,,,,,,,,,,,,,,,,,,,,,,,,,,,,,,,,,,,,,,,,,,
,Import,Error,External ID Type,,"External ID Type is not one of: NPI, InternalID, ProviderID, EmrID, and BillingSystemID",External ID Type not valid,,,,,,,,,,,,,,,,,,,,,,,,,,,,,,,,,,,,,,,,,,,,,,,,
,,,,,External ID Type not provided by user,External Id Type required,,,,,,,,,,,,,,,,,,,,,,,,,,,,,,,,,,,,,,,,,,,,,,,,
,Import,Error,External ID Type/External ID,,External ID does not match External ID of existing provider in company,No matching provider found,,,,,,,,,,,,,,,,,,,,,,,,,,,,,,,,,,,,,,,,,,,,,,,,
,Import,Error,"NPI, Provider ID, Emr ID, Billing System ID, Internal ID",,ID matches the ID of an exisiting provider in company,[ID Type] matches the [ID Type] of an existing provider,,,,,,,,,,,,,,,,,,,,,,,,,,,,,,,,,,,,,,,,,,,,,,,,
,Import,Warning,"Provider data was updated, but provider is inactive",,,Provider was updated but is inactive.,,,,,,,,,,,,,,,,,,,,,,,,,,,,,,,,,,,,,,,,,,,,,,,,
,Import,Error,User Defined Fields,,Validate that there is an enabled Provider User Defined field where field name matches column name in file.,{Column #} has incorrect value. No matching user defined field for {column header name}.,,,,,,,,,,,,,,,,,,,,,,,,,,,,,,,,,,,,,,,,,,,,,,,,
,File,Error,Text Input User Defined Fields,,Value does not exceed character limit,{Field Name} exceeds character limit of 50,,,,,,,,,,,,,,,,,,,,,,,,,,,,,,,,,,,,,,,,,,,,,,,,
,File,Error,Checkbox User Defined Fields,,"Value must be 't', 'f', or None","{Field Name} must be 't', 'f' or blank",,,,,,,,,,,,,,,,,,,,,,,,,,,,,,,,,,,,,,,,,,,,,,,,
,Import,Error,Drop-down User Defined Fields,,File value matches a non-deleted list value,{Field Name} not supported,,,,,,,,,,,,,,,,,,,,,,,,,,,,,,,,,,,,,,,,,,,,,,,,
,File,Error,Multi-Line Text User Defined Fields,,Value does not exceed character limit defined in Settings,{Field Name} exceeds character limit of [limit defined in Settings].,,,,,,,,,,,,,,,,,,,,,,,,,,,,,,,,,,,,,,,,,,,,,,,,
,File,Error,Date User Defined Fields,,Value does not adhere to m/d/yyyy format or is an invalid date (ie - 2/31/2023),{Field Name} must be formatted as m/d/yyyy,,,,,,,,,,,,,,,,,,,,,,,,,,,,,,,,,,,,,,,,,,,,,,,,
,File,Error,Link User Defined Fields,,Validate value has correct URL formatting,{Field Name} is not a valid URL,,,,,,,,,,,,,,,,,,,,,,,,,,,,,,,,,,,,,,,,,,,,,,,,
,Import,Error,Link User Defined Fields,,Validate link domain is listed on Setup > List Management > Whitelisted Domains,{Field Name} must contain an approved domain. ,,,,,,,,,,,,,,,,,,,,,,,,,,,,,,,,,,,,,,,,,,,,,,,,